날짜,제품,수량,단가(원)
2026-07-03,무선 이어폰,50,89000
2026-07-03,스마트 워치,12,249000
2026-07-03,보조 배터리,60,39000
2026-07-03,블루투스 스피커,30,129000
2026-07-03,USB-C 충전기,28,25000
2026-07-10,무선 이어폰,34,89000
2026-07-10,스마트 워치,25,249000
2026-07-10,보조 배터리,41,39000
2026-07-10,블루투스 스피커,21,129000
2026-07-10,USB-C 충전기,28,25000
2026-07-17,무선 이어폰,62,89000
2026-07-17,스마트 워치,14,249000
2026-07-17,보조 배터리,37,39000
2026-07-17,블루투스 스피커,12,129000
2026-07-17,USB-C 충전기,52,25000
2026-07-24,무선 이어폰,56,89000
2026-07-24,스마트 워치,10,249000
2026-07-24,보조 배터리,50,39000
2026-07-24,블루투스 스피커,12,129000
2026-07-24,USB-C 충전기,60,25000
2026-08-03,무선 이어폰,57,89000
2026-08-03,스마트 워치,9,249000
2026-08-03,보조 배터리,71,39000
2026-08-03,블루투스 스피커,13,129000
2026-08-03,USB-C 충전기,39,25000
2026-08-10,무선 이어폰,70,89000
2026-08-10,스마트 워치,9,249000
2026-08-10,보조 배터리,71,39000
2026-08-10,블루투스 스피커,28,129000
2026-08-10,USB-C 충전기,50,25000
2026-08-17,무선 이어폰,33,89000
2026-08-17,스마트 워치,15,249000
2026-08-17,보조 배터리,37,39000
2026-08-17,블루투스 스피커,27,129000
2026-08-17,USB-C 충전기,33,25000
2026-08-24,무선 이어폰,48,89000
2026-08-24,스마트 워치,21,249000
2026-08-24,보조 배터리,44,39000
2026-08-24,블루투스 스피커,27,129000
2026-08-24,USB-C 충전기,32,25000
2026-09-03,무선 이어폰,66,89000
2026-09-03,스마트 워치,17,249000
2026-09-03,보조 배터리,70,39000
2026-09-03,블루투스 스피커,15,129000
2026-09-03,USB-C 충전기,31,25000
2026-09-10,무선 이어폰,67,89000
2026-09-10,스마트 워치,14,249000
2026-09-10,보조 배터리,58,39000
2026-09-10,블루투스 스피커,13,129000
2026-09-10,USB-C 충전기,60,25000
2026-09-17,무선 이어폰,34,89000
2026-09-17,스마트 워치,9,249000
2026-09-17,보조 배터리,74,39000
2026-09-17,블루투스 스피커,16,129000
2026-09-17,USB-C 충전기,56,25000
2026-09-24,무선 이어폰,64,89000
2026-09-24,스마트 워치,21,249000
2026-09-24,보조 배터리,55,39000
2026-09-24,블루투스 스피커,24,129000
2026-09-24,USB-C 충전기,54,25000
